{"cameraMode":{"drawMode":0,"name":"Shaded","section":"Shading Mode"},"sceneLighting":false,"audioPlay":false,"sceneViewState":{"m_AlwaysRefresh":false,"showFog":true,"showSkybox":false,"showFlares":true,"showImageEffects":true,"showParticleSystems":true,"showVisualEffectGraphs":true,"m_FxEnabled":true},"in2DMode":false,"pivot":{"x":1.6030923128128052,"y":1.6278727054595948,"z":-0.3476325273513794},"rotation":{"x":0.07005346566438675,"y":-0.10454673320055008,"z":0.00738229276612401,"w":0.9920214414596558},"size":0.9872581958770752,"orthographic":true}