{"cameraMode":{"drawMode":0,"name":"Shaded","section":"Shading Mode"},"sceneLighting":false,"audioPlay":false,"sceneViewState":{"m_AlwaysRefresh":false,"showFog":true,"showSkybox":false,"showFlares":true,"showImageEffects":true,"showParticleSystems":true,"showVisualEffectGraphs":true,"m_FxEnabled":true},"in2DMode":false,"pivot":{"x":2.9150922298431398,"y":1.917872667312622,"z":-0.28963249921798708},"rotation":{"x":0.07005346566438675,"y":-0.10454673320055008,"z":0.00738229276612401,"w":0.9920214414596558},"size":1.078110694885254,"orthographic":true}