{"cameraMode":{"drawMode":0,"name":"Shaded","section":"Shading Mode"},"sceneLighting":false,"audioPlay":false,"sceneViewState":{"m_AlwaysRefresh":false,"showFog":true,"showSkybox":false,"showFlares":true,"showImageEffects":true,"showParticleSystems":true,"showVisualEffectGraphs":true,"m_FxEnabled":true},"in2DMode":false,"pivot":{"x":-0.8536065816879273,"y":0.4484277069568634,"z":0.6437053680419922},"rotation":{"x":0.07005346566438675,"y":-0.10454673320055008,"z":0.00738229276612401,"w":0.9920214414596558},"size":0.7992650270462036,"orthographic":true}