{"cameraMode":{"drawMode":0,"name":"Shaded","section":"Shading Mode"},"sceneLighting":false,"audioPlay":false,"sceneViewState":{"m_AlwaysRefresh":false,"showFog":true,"showSkybox":false,"showFlares":true,"showImageEffects":true,"showParticleSystems":true,"showVisualEffectGraphs":true,"m_FxEnabled":true},"in2DMode":false,"pivot":{"x":-2.312746047973633,"y":0.6257350444793701,"z":3.5403378009796144},"rotation":{"x":-0.0975683331489563,"y":-0.2845536768436432,"z":0.029125859960913659,"w":-0.9532368183135986},"size":0.9446841478347778,"orthographic":true}