{"cameraMode":{"drawMode":0,"name":"Shaded","section":"Shading Mode"},"sceneLighting":false,"audioPlay":false,"sceneViewState":{"m_AlwaysRefresh":false,"showFog":true,"showSkybox":false,"showFlares":true,"showImageEffects":true,"showParticleSystems":true,"showVisualEffectGraphs":true,"m_FxEnabled":true},"in2DMode":false,"pivot":{"x":0.021846085786819459,"y":0.581899881362915,"z":0.0053376853466033939},"rotation":{"x":0.00002922890053014271,"y":-0.9952502250671387,"z":0.09734530001878739,"w":0.00029460908262990415},"size":1.0378334522247315,"orthographic":true}