{"cameraMode":{"drawMode":0,"name":"Shaded","section":"Shading Mode"},"sceneLighting":false,"audioPlay":false,"sceneViewState":{"m_AlwaysRefresh":false,"showFog":true,"showSkybox":false,"showFlares":true,"showImageEffects":true,"showParticleSystems":true,"showVisualEffectGraphs":true,"m_FxEnabled":true},"in2DMode":false,"pivot":{"x":0.6493453979492188,"y":-0.06949806213378906,"z":-0.28060734272003176},"rotation":{"x":0.030226122587919236,"y":-0.9660174250602722,"z":0.21957291662693025,"w":0.1329779326915741},"size":2.5420217514038088,"orthographic":true}