{"cameraMode":{"drawMode":0,"name":"Shaded","section":"Shading Mode"},"sceneLighting":false,"audioPlay":false,"sceneViewState":{"m_AlwaysRefresh":false,"showFog":true,"showSkybox":false,"showFlares":true,"showImageEffects":true,"showParticleSystems":true,"showVisualEffectGraphs":true,"m_FxEnabled":true},"in2DMode":false,"pivot":{"x":-1.6759941577911378,"y":0.5193406343460083,"z":1.619854211807251},"rotation":{"x":-0.09453688561916352,"y":-0.2903556227684021,"z":0.028839893639087678,"w":-0.9518002867698669},"size":0.9245270490646362,"orthographic":true}