{"cameraMode":{"drawMode":0,"name":"Shaded","section":"Shading Mode"},"sceneLighting":false,"audioPlay":false,"sceneViewState":{"m_AlwaysRefresh":false,"showFog":true,"showSkybox":false,"showFlares":true,"showImageEffects":true,"showParticleSystems":true,"showVisualEffectGraphs":true,"m_FxEnabled":true},"in2DMode":false,"pivot":{"x":0.9177672863006592,"y":0.6839340925216675,"z":2.8883848190307619},"rotation":{"x":-0.09382380545139313,"y":-0.20369398593902589,"z":0.019615299999713899,"w":-0.974330484867096},"size":1.0949420928955079,"orthographic":true}