{"cameraMode":{"drawMode":0,"name":"Shaded","section":"Shading Mode"},"sceneLighting":false,"audioPlay":false,"sceneViewState":{"m_AlwaysRefresh":false,"showFog":true,"showSkybox":false,"showFlares":true,"showImageEffects":true,"showParticleSystems":true,"showVisualEffectGraphs":true,"m_FxEnabled":true},"in2DMode":false,"pivot":{"x":-1.2220792770385743,"y":0.5926996469497681,"z":-3.1619985103607179},"rotation":{"x":-0.09382380545139313,"y":-0.20369398593902589,"z":0.019615299999713899,"w":-0.974330484867096},"size":1.166286587715149,"orthographic":true}